zip,neighborhood,neighborhood2
37013,Antioch,Antioch
37027,Brentwood,Brentwood
37069,Franklin,Franklin
37072,Goodlettesville,Goodlettesville | Parkwood
37076,South Hermitage,South Hermitage
37080,Joelton,Joelton
37115,Madison,Madison
37138,Old Hickory,Old Hickory
37189,White's Creek,White's Creek | Joelton
37201,Downtown,Downtown
37203,Music Row,Music Row | Edgehill | Midtown | Green Hills
37204,Belmont,Belmont | 12 South | Edgehill
37205,Belle Meade,Belle Meade | West Meade | West Nashville
37206,East Nashville,East Nashville
37207,North Nashville,North Nashville | Dickerson Pike
37208,Germantown,Germantown
37209,Sylvan Park,Sylvan Park | The Nations
37210,South Nashville,South Nashville
37211,Crieve Hall,Bradford Hills | Crieve Hall
37212,Greens Hills,Midtown | Green Hills
37213,East Nashville - Industrial,Industrial
37214,Donelson,Donelson
37215,Forest Hills,Forest Hills
37216,East Nashville,East Nashville | Inglewood
37217,South Hermitage,South Hermitage | Antioch
37218,Bordeaux,Bordeaux
37219,Capitol Hill,Capitol Hill | Downtown
37220,Oak Hill,Oak Hill
37221,Bellevue,Bellevue
37228,Metro Center,Metro Center | North Nashville